txId,response
ad40e03d-c187-4da4-a7a1-cc9a00afb285,"{""jsonrpc"":""2.0"",""error"":{""code"":-32003,""message"":""insufficient funds for gas * price + value: have 36202586074204147 want 36202586854112912""},""id"":1}"
49cd1c57-6e85-4fe2-9e9f-96cebcb0b7f7,"{""jsonrpc"":""2.0"",""error"":{""code"":-32003,""message"":""insufficient funds for gas * price + value: have 20199600000000000 want 20199600779908765""},""id"":1}"
3068e35b-496b-4cb2-9167-f9261059528e,"{""jsonrpc"":""2.0"",""error"":{""code"":-32003,""message"":""insufficient funds for gas * price + value: have 36467126168353637 want 36467126948262402""},""id"":1}"
a152bcbc-203c-4290-b8ad-f8c749139d8c,"{""jsonrpc"":""2.0"",""error"":{""code"":-32003,""message"":""insufficient funds for gas * price + value: have 20000000000000000 want 20000000779908765""},""id"":1}"
55bacacc-e447-427c-b5f7-484b190230b2,"{""jsonrpc"":""2.0"",""error"":{""code"":-32000,""message"":""insufficient funds for gas * price + value: balance 38250121191669911, tx cost 38250121971578676, overshot 779908765""},""id"":1}"
583334be-630f-4e51-809a-698e0bf0a4d1,"{""jsonrpc"":""2.0"",""error"":{""code"":-32003,""message"":""insufficient funds for gas * price + value: have 51500000000000000 want 51500000779908765""},""id"":1}"
cda26b7f-990c-4989-9f54-6ad2de1b211f,"{""jsonrpc"":""2.0"",""error"":{""code"":-32003,""message"":""insufficient funds for gas * price + value: have 23700000000000000 want 23700000779908765""},""id"":1}"
bdbf79a9-9ca1-4a75-9539-7b63fe4d234c,"{""jsonrpc"":""2.0"",""error"":{""code"":-32003,""message"":""insufficient funds for gas * price + value: have 186703193103771950 want 186703193883680715""},""id"":1}"
0661af74-3664-4b58-b9d4-8d3a928a8bd6,"{""jsonrpc"":""2.0"",""error"":{""code"":-32003,""message"":""insufficient funds for gas * price + value: have 40000000000000000 want 40000000779908765""},""id"":1}"
7f48e2e4-3481-49bf-8aac-e055e93803b0,"{""jsonrpc"":""2.0"",""error"":{""code"":-32003,""message"":""insufficient funds for gas * price + value: have 26050000000000000 want 26050000779908765""},""id"":1}"
85df9050-f5a6-49c9-bbd0-ecfcb0da1470,"{""jsonrpc"":""2.0"",""error"":{""code"":-32003,""message"":""insufficient funds for gas * price + value: have 75964373741150504 want 75964374521059269""},""id"":1}"
d0d0c37f-c2a6-46d6-9be0-a1eff445091e,"{""jsonrpc"":""2.0"",""error"":{""code"":-32000,""message"":""insufficient funds for gas * price + value: balance 30000000000000000, tx cost 30000000779908765, overshot 779908765""},""id"":1}"
c79aa143-452d-4081-a542-12e25725d576,"{""jsonrpc"":""2.0"",""error"":{""code"":-32003,""message"":""insufficient funds for gas * price + value: have 162626620000000000 want 162626620779908765""},""id"":1}"
c411ba09-cb28-4011-b0d7-01753a78ddc0,"{""jsonrpc"":""2.0"",""error"":{""code"":-32003,""message"":""insufficient funds for gas * price + value: have 92700000000000000 want 92700000779908765""},""id"":1}"
f3049f69-fa34-45a1-a2dd-d9bef23dd30c,"{""jsonrpc"":""2.0"",""error"":{""code"":-32000,""message"":""insufficient funds for gas * price + value: balance 25835428440366980, tx cost 25835429220275745, overshot 779908765""},""id"":1}"
0c29f460-b127-430e-97dc-d5fdf27afdf5,"{""jsonrpc"":""2.0"",""error"":{""code"":-32003,""message"":""insufficient funds for gas * price + value: have 52489848254569616 want 52489849034478381""},""id"":1}"
448b8419-5be2-4b74-b1d5-a435ea4567d2,"{""jsonrpc"":""2.0"",""error"":{""code"":-32003,""message"":""insufficient funds for gas * price + value: have 71900000000000000 want 71900000779908765""},""id"":1}"
2ce2c888-59d4-494e-9aa7-4d9383dc6c29,"{""jsonrpc"":""2.0"",""error"":{""code"":-32000,""message"":""insufficient funds for gas * price + value: balance 27000000000000000, tx cost 27000000779908765, overshot 779908765""},""id"":1}"
5e05b24c-8984-4ba7-b453-054100d9588e,"{""jsonrpc"":""2.0"",""error"":{""code"":-32003,""message"":""insufficient funds for gas * price + value: have 100000000000000000 want 100000000779908765""},""id"":1}"
b23f4bdb-f51d-4e23-9c18-171ceed0eb07,"{""jsonrpc"":""2.0"",""error"":{""code"":-32003,""message"":""insufficient funds for gas * price + value: have 24072306751604734 want 24072307531513499""},""id"":1}"
7b1941ca-1273-4d7d-b4a2-746d855c8d9a,"{""jsonrpc"":""2.0"",""error"":{""code"":-32003,""message"":""insufficient funds for gas * price + value: have 36674074611277679 want 36674075391186444""},""id"":1}"
46e55ab7-8c01-4881-9889-0223859b83f6,"{""jsonrpc"":""2.0"",""error"":{""code"":-32003,""message"":""insufficient funds for gas * price + value: have 322329619620538630 want 322329620400447395""},""id"":1}"
a07792e4-402e-4164-8ac3-69ccaf5feeed,"{""jsonrpc"":""2.0"",""error"":{""code"":-32000,""message"":""insufficient funds for gas * price + value: balance 99990000000000000, tx cost 99990000779908765, overshot 779908765""},""id"":1}"
272dc0ae-7e36-44f1-b883-2d317a2d57cc,"{""jsonrpc"":""2.0"",""error"":{""code"":-32003,""message"":""insufficient funds for gas * price + value: have 25162000000000000 want 25162000779908765""},""id"":1}"
7982c0c2-1683-44fc-b915-2ed8ae91b1c1,"{""jsonrpc"":""2.0"",""error"":{""code"":-32003,""message"":""insufficient funds for gas * price + value: have 27050594673075964 want 27050595452984729""},""id"":1}"
9380ba8c-aa57-4652-99d5-494e9b23977d,"{""jsonrpc"":""2.0"",""error"":{""code"":-32000,""message"":""insufficient funds for gas * price + value: balance 52716860528373557, tx cost 52716861308282322, overshot 779908765""},""id"":1}"
96821622-6a9c-42a4-a6c2-c671a23553b0,"{""jsonrpc"":""2.0"",""error"":{""code"":-32003,""message"":""insufficient funds for gas * price + value: have 60660994324079461 want 60660995103988226""},""id"":1}"
a9c26032-f6ee-4160-985b-d34834131b3c,"{""jsonrpc"":""2.0"",""error"":{""code"":-32003,""message"":""insufficient funds for gas * price + value: have 66779660000000000 want 66779660779908765""},""id"":1}"
5f09fe97-7c49-468d-98b4-5ef9dc139d70,"{""jsonrpc"":""2.0"",""error"":{""code"":-32000,""message"":""insufficient funds for gas * price + value: balance 30000000000000000, tx cost 30000000779908765, overshot 779908765""},""id"":1}"
f3678f3a-bfcc-4334-8d7b-103950741a8e,"{""jsonrpc"":""2.0"",""error"":{""code"":-32000,""message"":""insufficient funds for gas * price + value: balance 23953454946442872, tx cost 23953455726351637, overshot 779908765""},""id"":1}"
0feddf65-cac7-409c-bca4-f85236d925fd,"{""jsonrpc"":""2.0"",""error"":{""code"":-32000,""message"":""insufficient funds for gas * price + value: balance 31000000000000000, tx cost 31000000779908765, overshot 779908765""},""id"":1}"
239da9ea-9606-4870-bf84-9c8b24079197,"{""jsonrpc"":""2.0"",""error"":{""code"":-32003,""message"":""insufficient funds for gas * price + value: have 621149479184441568 want 621149479964350333""},""id"":1}"
7cd7c334-efe3-42b6-988a-4c45e2f86924,"{""jsonrpc"":""2.0"",""error"":{""code"":-32003,""message"":""insufficient funds for gas * price + value: have 49059997613288556 want 49059998393197321""},""id"":1}"
fb4fe067-3d54-4ce0-99af-863bbac5337f,"{""jsonrpc"":""2.0"",""error"":{""code"":-32003,""message"":""insufficient funds for gas * price + value: have 90000000000000000 want 90000000779908765""},""id"":1}"
21cfc4b7-1854-4cc3-86ae-a9353f73b131,"{""jsonrpc"":""2.0"",""error"":{""code"":-32003,""message"":""insufficient funds for gas * price + value: have 60000000000000000 want 60000000794792893""},""id"":1}"
f27331aa-4555-49b7-a439-c566e1d0a778,"{""jsonrpc"":""2.0"",""error"":{""code"":-32000,""message"":""insufficient funds for gas * price + value: balance 89679170000000000, tx cost 89679170794792893, overshot 794792893""},""id"":1}"
8ef16083-9373-48b4-bc61-37441732c879,"{""jsonrpc"":""2.0"",""error"":{""code"":-32003,""message"":""insufficient funds for gas * price + value: have 91161400289214125 want 91161401084007018""},""id"":1}"
c5dde209-ad52-49e4-9f0d-56f6b3c09db0,"{""jsonrpc"":""2.0"",""error"":{""code"":-32003,""message"":""insufficient funds for gas * price + value: have 32800000000000000 want 32800000794792893""},""id"":1}"
f9e8bc08-96b0-49f1-9e95-c347aa09d1a6,"{""jsonrpc"":""2.0"",""error"":{""code"":-32003,""message"":""insufficient funds for gas * price + value: have 151721682019104247 want 151721682813897140""},""id"":1}"
97190781-23b4-4b91-9fbd-89b1552b4735,"{""jsonrpc"":""2.0"",""error"":{""code"":-32003,""message"":""insufficient funds for gas * price + value: have 41155560000000000 want 41155560794792893""},""id"":1}"
bc9b8168-c76a-4630-8371-7ccd71d37da1,"{""jsonrpc"":""2.0"",""error"":{""code"":-32003,""message"":""insufficient funds for gas * price + value: have 30352145588392965 want 30352146383185858""},""id"":1}"
2ab7f304-aa05-4de7-9b56-7e3c3210039c,"{""jsonrpc"":""2.0"",""error"":{""code"":-32000,""message"":""insufficient funds for gas * price + value: balance 60000000000000000, tx cost 60000000794792893, overshot 794792893""},""id"":1}"
74802741-142f-4623-9350-509c465b6bb4,"{""jsonrpc"":""2.0"",""error"":{""code"":-32003,""message"":""insufficient funds for gas * price + value: have 62324090000000000 want 62324090794792893""},""id"":1}"
2b47a038-911e-456b-9700-66717fc76945,"{""jsonrpc"":""2.0"",""error"":{""code"":-32000,""message"":""insufficient funds for gas * price + value: balance 72762000000000000, tx cost 72762000794792893, overshot 794792893""},""id"":1}"
e34c0d8a-2ed8-46bf-a025-9c01b4904dcd,"{""jsonrpc"":""2.0"",""error"":{""code"":-32003,""message"":""insufficient funds for gas * price + value: have 23020203835555413 want 23020204630348306""},""id"":1}"
49a13d83-1c05-4a38-9851-293b80970dc1,"{""jsonrpc"":""2.0"",""error"":{""code"":-32003,""message"":""insufficient funds for gas * price + value: have 47580176638110700 want 47580177432903593""},""id"":1}"
1d7fedda-aadc-490a-855c-3b1c919e2105,"{""jsonrpc"":""2.0"",""error"":{""code"":-32003,""message"":""insufficient funds for gas * price + value: have 30000000000000000 want 30000000794792893""},""id"":1}"
6907871f-2d5f-4ac8-81fa-c0d253057b5a,"{""jsonrpc"":""2.0"",""error"":{""code"":-32003,""message"":""insufficient funds for gas * price + value: have 57999875824155529 want 57999876618948422""},""id"":1}"
ce292254-60c0-45c9-8c0d-06f7ccf929ec,"{""jsonrpc"":""2.0"",""error"":{""code"":-32003,""message"":""insufficient funds for gas * price + value: have 30000000000000000 want 30000000794792893""},""id"":1}"
66775d20-1a01-47bd-90b2-bd5ddda8ac58,"{""jsonrpc"":""2.0"",""error"":{""code"":-32003,""message"":""insufficient funds for gas * price + value: have 23315029619671563 want 23315030414464456""},""id"":1}"
9bfffb2e-3518-45f3-8a29-08ddbfaff56c,"{""jsonrpc"":""2.0"",""error"":{""code"":-32003,""message"":""insufficient funds for gas * price + value: have 20000000000000000 want 20000000794792893""},""id"":1}"
e1e54100-1904-4fba-9222-7c43cc130f78,"{""jsonrpc"":""2.0"",""error"":{""code"":-32003,""message"":""insufficient funds for gas * price + value: have 35500000000000000 want 35500000794792893""},""id"":1}"
e7d0f519-5e40-48d1-bf24-71fdf8fd48c0,"{""jsonrpc"":""2.0"",""error"":{""code"":-32003,""message"":""insufficient funds for gas * price + value: have 23000000000000000 want 23000000794792893""},""id"":1}"
b546a3b0-8516-45c1-ae08-2859873ed909,"{""jsonrpc"":""2.0"",""error"":{""code"":-32003,""message"":""insufficient funds for gas * price + value: have 20543400000000000 want 20543400794792893""},""id"":1}"
8ba47baf-9e89-441f-ac5c-c4a19e1521e0,"{""jsonrpc"":""2.0"",""error"":{""code"":-32003,""message"":""insufficient funds for gas * price + value: have 37334040000000000 want 37334040794792893""},""id"":1}"
fda7351f-3028-4538-9fa4-8149563b4b7f,"{""jsonrpc"":""2.0"",""error"":{""code"":-32003,""message"":""insufficient funds for gas * price + value: have 65139250000000000 want 65139250794792893""},""id"":1}"
0903df0d-075f-496c-b49b-96c1f099de0a,"{""jsonrpc"":""2.0"",""error"":{""code"":-32003,""message"":""insufficient funds for gas * price + value: have 21516400000000000 want 21516400794792893""},""id"":1}"
3854d60a-c5b0-41a7-b09a-4da99ca8da0e,"{""jsonrpc"":""2.0"",""error"":{""code"":-32000,""message"":""insufficient funds for gas * price + value: balance 149881989693304134, tx cost 149881990488097027, overshot 794792893""},""id"":1}"
0ea933aa-e993-4f95-99ef-15e534646e81,"{""jsonrpc"":""2.0"",""error"":{""code"":-32000,""message"":""insufficient funds for gas * price + value: balance 50000000000000000, tx cost 50000000794792893, overshot 794792893""},""id"":1}"
1ba534a2-ea98-45ad-874e-d35e5729cad4,"{""jsonrpc"":""2.0"",""error"":{""code"":-32000,""message"":""insufficient funds for gas * price + value: balance 89000000000000000, tx cost 89000000794792893, overshot 794792893""},""id"":1}"
c3a020f4-8524-4fb5-a1e1-1dd786b18470,"{""jsonrpc"":""2.0"",""error"":{""code"":-32000,""message"":""insufficient funds for gas * price + value: balance 40000000000000000, tx cost 40000000794792893, overshot 794792893""},""id"":1}"
a031bd0a-cbd2-49ee-a111-7ae36d24dcc4,"{""jsonrpc"":""2.0"",""error"":{""code"":-32003,""message"":""insufficient funds for gas * price + value: have 220000000000000000 want 220000000794792893""},""id"":1}"
74ffd445-a714-4de9-9145-f7d6a28c1ee5,"{""jsonrpc"":""2.0"",""error"":{""code"":-32003,""message"":""insufficient funds for gas * price + value: have 78475860721370016 want 78475861516162909""},""id"":1}"
5616fefd-d937-4a21-9998-5a42b9916c94,"{""jsonrpc"":""2.0"",""error"":{""code"":-32003,""message"":""insufficient funds for gas * price + value: have 30475900000000000 want 30475900794792893""},""id"":1}"
cb801149-788a-45ac-b981-2a63fcf986ad,"{""jsonrpc"":""2.0"",""error"":{""code"":-32000,""message"":""insufficient funds for gas * price + value: balance 64809331611924010, tx cost 64809332406716903, overshot 794792893""},""id"":1}"
0fd32a01-5ae6-4eeb-a14f-a0f6a412c1d3,"{""jsonrpc"":""2.0"",""error"":{""code"":-32000,""message"":""insufficient funds for gas * price + value: balance 29152207110447969, tx cost 29152207905240862, overshot 794792893""},""id"":1}"
abb524ad-897c-445f-b37f-6b6a2c4c1416,"{""jsonrpc"":""2.0"",""error"":{""code"":-32003,""message"":""insufficient funds for gas * price + value: have 50976320000000000 want 50976320794792893""},""id"":1}"
26d1c7cb-4280-4466-b2f5-975e21cdd4be,"{""jsonrpc"":""2.0"",""error"":{""code"":-32000,""message"":""insufficient funds for gas * price + value: balance 20775781750348574, tx cost 20775782524253314, overshot 773904740""},""id"":1}"
5085f1d2-909c-489b-a7bc-a1ee4b09b63d,"{""jsonrpc"":""2.0"",""error"":{""code"":-32003,""message"":""insufficient funds for gas * price + value: have 35183680000000000 want 35183680773904740""},""id"":1}"
902e84bc-b040-4ac4-ae92-749cbb03cfbf,"{""jsonrpc"":""2.0"",""error"":{""code"":-32003,""message"":""insufficient funds for gas * price + value: have 23000000000000000 want 23000000773904740""},""id"":1}"
9164178d-aa21-4a49-8d15-4110d1e8110f,"{""jsonrpc"":""2.0"",""error"":{""code"":-32003,""message"":""insufficient funds for gas * price + value: have 89821058917102227 want 89821059691006967""},""id"":1}"
ec1ed5f6-f5d9-4a91-a297-b2c5621c1000,"{""jsonrpc"":""2.0"",""error"":{""code"":-32003,""message"":""insufficient funds for gas * price + value: have 57600000000000000 want 57600000773904740""},""id"":1}"
b7981244-3891-4d01-b9e1-e50799911b51,"{""jsonrpc"":""2.0"",""error"":{""code"":-32003,""message"":""insufficient funds for gas * price + value: have 101576761558709917 want 101576762332614657""},""id"":1}"
8accf449-59bf-4987-a4a4-74a90b9d1122,"{""jsonrpc"":""2.0"",""error"":{""code"":-32000,""message"":""insufficient funds for gas * price + value: balance 34000000000000004, tx cost 34000000773904744, overshot 773904740""},""id"":1}"
395b2168-3d98-490c-99a0-864a599dd50f,"{""jsonrpc"":""2.0"",""error"":{""code"":-32000,""message"":""insufficient funds for gas * price + value: balance 34106976365233350, tx cost 34106977139138090, overshot 773904740""},""id"":1}"
7f54fd2a-8670-4a89-a259-038c5b0344ba,"{""jsonrpc"":""2.0"",""error"":{""code"":-32003,""message"":""insufficient funds for gas * price + value: have 32792778434585114 want 32792779208489854""},""id"":1}"
d4d10de3-347c-4af2-aaeb-a099adb57245,"{""jsonrpc"":""2.0"",""error"":{""code"":-32003,""message"":""insufficient funds for gas * price + value: have 53327397548206393 want 53327398322111133""},""id"":1}"
9939744c-df55-404c-a8fd-6ca1099bb94c,"{""jsonrpc"":""2.0"",""error"":{""code"":-32003,""message"":""insufficient funds for gas * price + value: have 23610870000000000 want 23610870773904740""},""id"":1}"
b10b0ee3-7bf0-4a1a-ad53-515d71ff50e6,"{""jsonrpc"":""2.0"",""error"":{""code"":-32003,""message"":""insufficient funds for gas * price + value: have 24733100000000000 want 24733100773904740""},""id"":1}"
9679c866-9572-41fa-a4e7-4c6244b1637d,"{""jsonrpc"":""2.0"",""error"":{""code"":-32000,""message"":""insufficient funds for gas * price + value: balance 26180030000000000, tx cost 26180030773904740, overshot 773904740""},""id"":1}"
7fc712c6-1657-45dd-9600-bba1c67ce50d,"{""jsonrpc"":""2.0"",""error"":{""code"":-32003,""message"":""insufficient funds for gas * price + value: have 66883372051045470 want 66883372824950210""},""id"":1}"
f96dce33-98fa-4f5d-924d-53a9f2ce4486,"{""jsonrpc"":""2.0"",""error"":{""code"":-32000,""message"":""insufficient funds for gas * price + value: balance 45400000000000000, tx cost 45400000773904740, overshot 773904740""},""id"":1}"
4a5e12ee-af4a-4782-8773-65ce3c3a67a1,"{""jsonrpc"":""2.0"",""error"":{""code"":-32003,""message"":""insufficient funds for gas * price + value: have 23329376063926168 want 23329376837830908""},""id"":1}"
83151858-daf2-4114-8ab6-2cb059f05084,"{""jsonrpc"":""2.0"",""error"":{""code"":-32003,""message"":""insufficient funds for gas * price + value: have 29864633020322873 want 29864633794227613""},""id"":1}"
b6abb232-f083-42a4-b714-9d7ea2af2a57,"{""jsonrpc"":""2.0"",""error"":{""code"":-32003,""message"":""insufficient funds for gas * price + value: have 98573831676968323 want 98573832450873063""},""id"":1}"
50dbc775-737a-4d9e-88e8-80d44666fd81,"{""jsonrpc"":""2.0"",""error"":{""code"":-32003,""message"":""insufficient funds for gas * price + value: have 53987000000000000 want 53987000773904740""},""id"":1}"
33a02eb5-f77a-44f6-991a-c04023a3fb70,"{""jsonrpc"":""2.0"",""error"":{""code"":-32000,""message"":""insufficient funds for gas * price + value: balance 94177260000000000, tx cost 94177260773904740, overshot 773904740""},""id"":1}"
f7629250-843d-4de0-b645-04d3cd44975b,"{""jsonrpc"":""2.0"",""error"":{""code"":-32003,""message"":""insufficient funds for gas * price + value: have 109400000000000000 want 109400000773904740""},""id"":1}"
7bd42bd4-400a-43fc-8936-e8443316a4c7,"{""jsonrpc"":""2.0"",""error"":{""code"":-32000,""message"":""insufficient funds for gas * price + value: balance 45572000000000000, tx cost 45572000773904740, overshot 773904740""},""id"":1}"
19427ae8-a8c1-4075-bed7-6000503bc426,"{""jsonrpc"":""2.0"",""error"":{""code"":-32003,""message"":""insufficient funds for gas * price + value: have 73494203288578341 want 73494204062483081""},""id"":1}"
3068eed3-3cca-49ef-856d-2138b08dcd0e,"{""jsonrpc"":""2.0"",""error"":{""code"":-32003,""message"":""insufficient funds for gas * price + value: have 63121500000000000 want 63121500773904740""},""id"":1}"
a294cb53-54b8-4c17-9ca4-5de8c36dbd20,"{""jsonrpc"":""2.0"",""error"":{""code"":-32003,""message"":""insufficient funds for gas * price + value: have 217860000000000000 want 217860000773904740""},""id"":1}"
26e8cb9e-3ca5-4ae6-a664-7d0f536b5199,"{""jsonrpc"":""2.0"",""error"":{""code"":-32003,""message"":""insufficient funds for gas * price + value: have 20489182558370195 want 20489183332274935""},""id"":1}"
fc2b8468-f452-44f9-9768-3aaf570887c2,"{""jsonrpc"":""2.0"",""error"":{""code"":-32003,""message"":""insufficient funds for gas * price + value: have 28846110779521583 want 28846111553426323""},""id"":1}"
f9908334-96b0-445e-907f-339129fce981,"{""jsonrpc"":""2.0"",""error"":{""code"":-32003,""message"":""insufficient funds for gas * price + value: have 21230000000000000 want 21230000773904740""},""id"":1}"
15ffc2a6-92f7-4f3d-ad82-137002546850,"{""jsonrpc"":""2.0"",""error"":{""code"":-32000,""message"":""insufficient funds for gas * price + value: balance 64221450000000000, tx cost 64221450773904740, overshot 773904740""},""id"":1}"
aa155de3-89a9-456c-ad3b-657dac7e10da,"{""jsonrpc"":""2.0"",""error"":{""code"":-32003,""message"":""insufficient funds for gas * price + value: have 34092707597280995 want 34092708371185735""},""id"":1}"
c145039f-3752-46cf-970c-2a837fff52d0,"{""jsonrpc"":""2.0"",""error"":{""code"":-32003,""message"":""insufficient funds for gas * price + value: have 29792337811968499 want 29792338585873239""},""id"":1}"
3f58516c-aa1d-45a5-92f8-078cde7a5374,"{""jsonrpc"":""2.0"",""error"":{""code"":-32003,""message"":""insufficient funds for gas * price + value: have 24511920000000000 want 24511920773904740""},""id"":1}"
c72fd5ca-9e61-4609-8ec1-dd90d245dd9c,"{""jsonrpc"":""2.0"",""error"":{""code"":-32000,""message"":""insufficient funds for gas * price + value: balance 49577015876590846, tx cost 49577016650495586, overshot 773904740""},""id"":1}"
30a3af53-e02f-4a19-bc1d-3d8f985955b9,"{""jsonrpc"":""2.0"",""error"":{""code"":-32003,""message"":""insufficient funds for gas * price + value: have 9899746943638291 want 9899747717543031""},""id"":1}"
f8a23bec-fda4-45af-bb5e-ce23791c9e56,"{""jsonrpc"":""2.0"",""error"":{""code"":-32003,""message"":""insufficient funds for gas * price + value: have 8910780000000000 want 8910780727146295""},""id"":1}"
96befa72-1f98-421c-99b9-4b3ee5d862c8,"{""jsonrpc"":""2.0"",""error"":{""code"":-32000,""message"":""insufficient funds for gas * price + value: balance 13657060000000000, tx cost 13657060727146295, overshot 727146295""},""id"":1}"
1a07b6c9-5db3-4cad-95bb-8af013bc784b,"{""jsonrpc"":""2.0"",""error"":{""code"":-32003,""message"":""insufficient funds for gas * price + value: have 9830000000000000 want 9830000727146295""},""id"":1}"
eddecb13-9a4d-4947-a66f-e9bddab58587,"{""jsonrpc"":""2.0"",""error"":{""code"":-32003,""message"":""insufficient funds for gas * price + value: have 7580981962882296 want 7580982690028591""},""id"":1}"
c1e44bfb-88ae-4c15-ae3a-8de84adc9a7f,"{""jsonrpc"":""2.0"",""error"":{""code"":-32003,""message"":""insufficient funds for gas * price + value: have 8785753355916044 want 8785754083062339""},""id"":1}"
a27cbe10-acaa-47f9-b370-09582ebad8ba,"{""jsonrpc"":""2.0"",""error"":{""code"":-32003,""message"":""insufficient funds for gas * price + value: have 7638145356903033 want 7638146084049328""},""id"":1}"
3fa7ad53-6402-4e2b-8fa8-75a1cc7489f5,"{""jsonrpc"":""2.0"",""error"":{""code"":-32003,""message"":""insufficient funds for gas * price + value: have 16966820000000000 want 16966820727146295""},""id"":1}"
c03846d6-56be-4a64-b8b4-b6b73773303d,"{""jsonrpc"":""2.0"",""error"":{""code"":-32003,""message"":""insufficient funds for gas * price + value: have 6724281004197975 want 6724281731344270""},""id"":1}"
de9ac45f-e25a-4c22-834e-34291c079222,"{""jsonrpc"":""2.0"",""error"":{""code"":-32000,""message"":""insufficient funds for gas * price + value: balance 9968020492298316, tx cost 9968021219444611, overshot 727146295""},""id"":1}"
73133627-dcbc-46fe-87f3-7a295310314e,"{""jsonrpc"":""2.0"",""error"":{""code"":-32000,""message"":""insufficient funds for gas * price + value: balance 6408212974611643, tx cost 6408213701757938, overshot 727146295""},""id"":1}"
0d38bcee-6b60-4b69-8261-f72352c65408,"{""jsonrpc"":""2.0"",""error"":{""code"":-32003,""message"":""insufficient funds for gas * price + value: have 10000000000000000 want 10000000727146295""},""id"":1}"
93d351a1-9b01-4d02-9009-59101cf6f005,"{""jsonrpc"":""2.0"",""error"":{""code"":-32003,""message"":""insufficient funds for gas * price + value: have 14610000000000000 want 14610000727146295""},""id"":1}"
d8500c93-1935-469b-a629-9eed5dc67496,"{""jsonrpc"":""2.0"",""error"":{""code"":-32003,""message"":""insufficient funds for gas * price + value: have 9000000000000000 want 9000000727146295""},""id"":1}"
db881b58-6bc9-4ec9-b114-1a8878edec00,"{""jsonrpc"":""2.0"",""error"":{""code"":-32003,""message"":""insufficient funds for gas * price + value: have 14015000000000000 want 14015000727146295""},""id"":1}"
7652f53d-dec8-4bbb-bbeb-e1c73cb0cbcb,"{""jsonrpc"":""2.0"",""error"":{""code"":-32000,""message"":""insufficient funds for gas * price + value: balance 9711279019988426, tx cost 9711279747134721, overshot 727146295""},""id"":1}"
c734f2df-77d5-48eb-b5a8-9f3bc90059ea,"{""jsonrpc"":""2.0"",""error"":{""code"":-32003,""message"":""insufficient funds for gas * price + value: have 15181570000000000 want 15181570727146295""},""id"":1}"
1aaca5b7-0ea8-4014-8279-5cd7b7bad6e9,"{""jsonrpc"":""2.0"",""error"":{""code"":-32000,""message"":""insufficient funds for gas * price + value: balance 9000000000000000, tx cost 9000000727146295, overshot 727146295""},""id"":1}"
45def022-813e-4a1d-9d85-c8603b0defda,"{""jsonrpc"":""2.0"",""error"":{""code"":-32003,""message"":""insufficient funds for gas * price + value: have 11659849857432809 want 11659850584579104""},""id"":1}"
434d4464-21aa-4ecf-b0ee-427697c33d0f,"{""jsonrpc"":""2.0"",""error"":{""code"":-32003,""message"":""insufficient funds for gas * price + value: have 10200000000000000 want 10200000727146295""},""id"":1}"
01ae38fa-468e-4bfa-a2fe-dd92bd5be187,"{""jsonrpc"":""2.0"",""error"":{""code"":-32003,""message"":""insufficient funds for gas * price + value: have 17425890000000000 want 17425890727146295""},""id"":1}"
759d984f-f7fd-430a-bf4b-a4c801a2c10c,"{""jsonrpc"":""2.0"",""error"":{""code"":-32003,""message"":""insufficient funds for gas * price + value: have 10667811485568883 want 10667812212715178""},""id"":1}"
f8cc6967-8da6-48c0-924b-3de72db3c2a9,"{""jsonrpc"":""2.0"",""error"":{""code"":-32003,""message"":""insufficient funds for gas * price + value: have 16000000000000000 want 16000000727146295""},""id"":1}"
f1d36d51-c1e0-48cb-ad7f-2286235ad082,"{""jsonrpc"":""2.0"",""error"":{""code"":-32003,""message"":""insufficient funds for gas * price + value: have 16760480000000000 want 16760480727146295""},""id"":1}"
43fec749-49ce-4103-9715-e7e9c3c0e72d,"{""jsonrpc"":""2.0"",""error"":{""code"":-32003,""message"":""insufficient funds for gas * price + value: have 11663895975926521 want 11663896703072816""},""id"":1}"
1bd87e94-6aaa-42cd-8163-5db956016919,"{""jsonrpc"":""2.0"",""error"":{""code"":-32003,""message"":""insufficient funds for gas * price + value: have 13042233874711464 want 13042234601857759""},""id"":1}"
3f130722-3967-40a8-b998-2c87e065a464,"{""jsonrpc"":""2.0"",""error"":{""code"":-32003,""message"":""insufficient funds for gas * price + value: have 18022097791567376 want 18022098518713671""},""id"":1}"
326fbcd9-52e7-42d7-90e5-686138ff5f9a,"{""jsonrpc"":""2.0"",""error"":{""code"":-32003,""message"":""insufficient funds for gas * price + value: have 8000000000000000 want 8000000727146295""},""id"":1}"
2b0fa069-4d31-4bb0-be77-104ff24db6a6,"{""jsonrpc"":""2.0"",""error"":{""code"":-32000,""message"":""insufficient funds for gas * price + value: balance 8140000000000000, tx cost 8140000727146295, overshot 727146295""},""id"":1}"
9caa5582-c328-4436-907b-be976368b5f9,"{""jsonrpc"":""2.0"",""error"":{""code"":-32000,""message"":""insufficient funds for gas * price + value: balance 7595968518029839, tx cost 7595969245176134, overshot 727146295""},""id"":1}"
ce3768b5-105d-4a58-a4d2-ae85e9f2b669,"{""jsonrpc"":""2.0"",""error"":{""code"":-32000,""message"":""insufficient funds for gas * price + value: balance 6899959184906335, tx cost 6899959912052630, overshot 727146295""},""id"":1}"
b70b6671-bd2f-4300-a316-7dfb5b937ba7,"{""jsonrpc"":""2.0"",""error"":{""code"":-32000,""message"":""insufficient funds for gas * price + value: balance 8830000000000000, tx cost 8830000727146295, overshot 727146295""},""id"":1}"
199029b6-d85d-4d67-afce-5f5332d7e411,"{""jsonrpc"":""2.0"",""error"":{""code"":-32000,""message"":""insufficient funds for gas * price + value: balance 6015859604658107, tx cost 6015860331804402, overshot 727146295""},""id"":1}"
9a756da7-f2ad-4770-af78-a87c16f47a5a,"{""jsonrpc"":""2.0"",""error"":{""code"":-32003,""message"":""insufficient funds for gas * price + value: have 14200000000000000 want 14200000727146295""},""id"":1}"
7e347486-3c7c-483a-bb32-cdb96e442ec2,"{""jsonrpc"":""2.0"",""error"":{""code"":-32003,""message"":""insufficient funds for gas * price + value: have 16967082734568940 want 16967083477412454""},""id"":1}"
d13e3e31-0cf7-4c01-9aa5-0e6835c21f05,"{""jsonrpc"":""2.0"",""error"":{""code"":-32003,""message"":""insufficient funds for gas * price + value: have 10000000000000000 want 10000000742843514""},""id"":1}"
add6ae78-2ca9-4c24-8086-1ef375af640a,"{""jsonrpc"":""2.0"",""error"":{""code"":-32000,""message"":""insufficient funds for gas * price + value: balance 9990000000000000, tx cost 9990000742843514, overshot 742843514""},""id"":1}"
f03c3971-9472-4d38-9b2f-edf2d6c35b01,"{""jsonrpc"":""2.0"",""error"":{""code"":-32003,""message"":""insufficient funds for gas * price + value: have 11181940000000000 want 11181940742843514""},""id"":1}"
33df2057-d2fa-4d74-8c6d-afa818a72776,"{""jsonrpc"":""2.0"",""error"":{""code"":-32003,""message"":""insufficient funds for gas * price + value: have 15000000000000000 want 15000000742843514""},""id"":1}"
42623251-c8e1-472b-be13-100960f8d9d1,"{""jsonrpc"":""2.0"",""error"":{""code"":-32003,""message"":""insufficient funds for gas * price + value: have 16000000000000000 want 16000000742843514""},""id"":1}"
2ea551e3-a173-416c-a8fc-15319fad6a24,"{""jsonrpc"":""2.0"",""error"":{""code"":-32003,""message"":""insufficient funds for gas * price + value: have 15830000000000000 want 15830000742843514""},""id"":1}"
db6096d1-8609-494e-af6f-73bd7e68df28,"{""jsonrpc"":""2.0"",""error"":{""code"":-32000,""message"":""insufficient funds for gas * price + value: balance 11951233495861055, tx cost 11951234238704569, overshot 742843514""},""id"":1}"
e42bd8b8-6edb-4c8a-8b0b-de01e6521eca,"{""jsonrpc"":""2.0"",""error"":{""code"":-32000,""message"":""insufficient funds for gas * price + value: balance 10723419517145657, tx cost 10723420259989171, overshot 742843514""},""id"":1}"
bbb64ff9-457a-48b4-aece-59629c16fb0f,"{""jsonrpc"":""2.0"",""error"":{""code"":-32003,""message"":""insufficient funds for gas * price + value: have 14692587971432131 want 14692588714275645""},""id"":1}"
72c2a3c9-27d7-4c0e-8c75-e7e145bd549d,"{""jsonrpc"":""2.0"",""error"":{""code"":-32003,""message"":""insufficient funds for gas * price + value: have 8597986315349908 want 8597987058193422""},""id"":1}"
272c1123-7aa2-47ea-aa28-a84a5b238e2d,"{""jsonrpc"":""2.0"",""error"":{""code"":-32000,""message"":""insufficient funds for gas * price + value: balance 6567600000000000, tx cost 6567600742843514, overshot 742843514""},""id"":1}"
dc111066-c960-4fc4-94d8-f23c826b4e73,"{""jsonrpc"":""2.0"",""error"":{""code"":-32003,""message"":""insufficient funds for gas * price + value: have 14000000000000000 want 14000000742843514""},""id"":1}"
a0a6bff5-3a4f-4e4f-acff-c1e47a723c7e,"{""jsonrpc"":""2.0"",""error"":{""code"":-32003,""message"":""insufficient funds for gas * price + value: have 6222849200071000 want 6222849942914514""},""id"":1}"
9e453ea7-8fa7-453b-9d3b-8bd862da6d12,"{""jsonrpc"":""2.0"",""error"":{""code"":-32000,""message"":""insufficient funds for gas * price + value: balance 12545940000000000, tx cost 12545940742843514, overshot 742843514""},""id"":1}"
c71194d0-9d22-4b25-84d6-7ba7d7a48b11,"{""jsonrpc"":""2.0"",""error"":{""code"":-32000,""message"":""insufficient funds for gas * price + value: balance 7000000000000000, tx cost 7000000742843514, overshot 742843514""},""id"":1}"
5ebdf440-c46c-4cf7-91a3-5f805f41d5aa,"{""jsonrpc"":""2.0"",""error"":{""code"":-32003,""message"":""insufficient funds for gas * price + value: have 16156587036537013 want 16156587779380527""},""id"":1}"
39c562ab-af89-4194-a027-79111b255668,"{""jsonrpc"":""2.0"",""error"":{""code"":-32003,""message"":""insufficient funds for gas * price + value: have 14752900000000000 want 14752900742843514""},""id"":1}"
f274b95c-a91f-4f81-9f86-6fadc60dee27,"{""jsonrpc"":""2.0"",""error"":{""code"":-32000,""message"":""insufficient funds for gas * price + value: balance 7000000000000000, tx cost 7000000742843514, overshot 742843514""},""id"":1}"
b5623198-057a-40ff-9bfc-d5154041fe90,"{""jsonrpc"":""2.0"",""error"":{""code"":-32000,""message"":""insufficient funds for gas * price + value: balance 12088494921984015, tx cost 12088495664827529, overshot 742843514""},""id"":1}"
9c52f9f5-b314-448a-9cf3-33e66120ce5f,"{""jsonrpc"":""2.0"",""error"":{""code"":-32000,""message"":""insufficient funds for gas * price + value: balance 18705924661367848, tx cost 18705925404211362, overshot 742843514""},""id"":1}"
8229f494-dc21-4c8d-8624-602b9d28f6d7,"{""jsonrpc"":""2.0"",""error"":{""code"":-32003,""message"":""insufficient funds for gas * price + value: have 6099849678124053 want 6099850420967567""},""id"":1}"
eb4b6b5b-3bdf-4a5d-9a40-01e436399b68,"{""jsonrpc"":""2.0"",""error"":{""code"":-32000,""message"":""insufficient funds for gas * price + value: balance 17958509758725226, tx cost 17958510501568740, overshot 742843514""},""id"":1}"
4dcd356b-1689-4392-bc4a-68f8b092350d,"{""jsonrpc"":""2.0"",""error"":{""code"":-32003,""message"":""insufficient funds for gas * price + value: have 11684808869912055 want 11684809612755569""},""id"":1}"
dd44ceb1-02fb-406f-a0e1-eaef77125fb9,"{""jsonrpc"":""2.0"",""error"":{""code"":-32003,""message"":""insufficient funds for gas * price + value: have 7726880371015418 want 7726881113858932""},""id"":1}"
39dd956b-54ce-4408-b710-2b22817302d2,"{""jsonrpc"":""2.0"",""error"":{""code"":-32003,""message"":""insufficient funds for gas * price + value: have 12720000000000000 want 12720000742843514""},""id"":1}"
77f7d4ee-bdaa-4da4-963f-c3cb74ab93aa,"{""jsonrpc"":""2.0"",""error"":{""code"":-32003,""message"":""insufficient funds for gas * price + value: have 16193230729416400 want 16193231472259914""},""id"":1}"
27458bdd-a029-4aad-88ea-255e675710bb,"{""jsonrpc"":""2.0"",""error"":{""code"":-32003,""message"":""insufficient funds for gas * price + value: have 14000000000000000 want 14000000742843514""},""id"":1}"
d3ea4a93-4b35-440c-a25f-6d50c0bcd5a9,"{""jsonrpc"":""2.0"",""error"":{""code"":-32003,""message"":""insufficient funds for gas * price + value: have 6269999970000000 want 6270000712843514""},""id"":1}"
c62efa06-244c-4e6e-8c91-3ecf30698208,"{""jsonrpc"":""2.0"",""error"":{""code"":-32000,""message"":""insufficient funds for gas * price + value: balance 7809640000000000, tx cost 7809640742843514, overshot 742843514""},""id"":1}"
9af8adc0-eb74-4b26-86e8-ba5d699fa7cc,"{""jsonrpc"":""2.0"",""error"":{""code"":-32003,""message"":""insufficient funds for gas * price + value: have 17211870000000000 want 17211870742843514""},""id"":1}"
f23227fc-ba38-433a-8729-8bd815851810,"{""jsonrpc"":""2.0"",""error"":{""code"":-32003,""message"":""insufficient funds for gas * price + value: have 8209706461880215 want 8209707204723729""},""id"":1}"
ac40baeb-2a54-4990-be87-c51ddd1f186e,"{""jsonrpc"":""2.0"",""error"":{""code"":-32003,""message"":""insufficient funds for gas * price + value: have 10000000000000000 want 10000000742843514""},""id"":1}"
b925a796-beba-42be-a434-a089874a1c70,"{""jsonrpc"":""2.0"",""error"":{""code"":-32000,""message"":""insufficient funds for gas * price + value: balance 19062490000000000, tx cost 19062490742843514, overshot 742843514""},""id"":1}"
102df858-c34f-44cc-a86b-5855b1f3b5fa,"{""jsonrpc"":""2.0"",""error"":{""code"":-32003,""message"":""insufficient funds for gas * price + value: have 15884838304505076 want 15884839066960147""},""id"":1}"
c6e405f6-043d-4b7e-b31e-6f9ce576060c,"{""jsonrpc"":""2.0"",""error"":{""code"":-32003,""message"":""insufficient funds for gas * price + value: have 6138910000000000 want 6138910762455071""},""id"":1}"
1949e80c-5dae-425c-ad67-4112d6cbaccd,"{""jsonrpc"":""2.0"",""error"":{""code"":-32000,""message"":""insufficient funds for gas * price + value: balance 18296394947485361, tx cost 18296395709940432, overshot 762455071""},""id"":1}"
209480e0-ec4e-4a91-b63d-e959e40c8d5d,"{""jsonrpc"":""2.0"",""error"":{""code"":-32003,""message"":""insufficient funds for gas * price + value: have 6761690888423604 want 6761691650878675""},""id"":1}"
51e241e8-6fe2-4d60-b67d-57b425601621,"{""jsonrpc"":""2.0"",""error"":{""code"":-32003,""message"":""insufficient funds for gas * price + value: have 55090324012500868 want 55090324774955939""},""id"":1}"